{
    "freq_wf": 3.2,
    "wf": [
        0.018436638752765636,
        0.024139125759641198,
        0.026342838856150578,
        0.025111720301032116,
        0.02115554404181546,
        0.015237555978237182,
        0.007972352106161321,
        0.0001349854024156036,
        -0.007095785667178797,
        -0.01251695679741604,
        -0.015621357838452397,
        -0.016784645838408413,
        -0.01662242487316014,
        -0.015295653577725554,
        -0.012631878886864397,
        -0.00884667010160179,
        -0.004827793154690957,
        -0.0015109264396620129,
        0.0008955336438052487,
        0.002858923590945692,
        0.0047619885667011435,
        0.006424182922660019,
        0.007407922549637115,
        0.007589272305885841,
        0.0072715277119746674,
        0.006801749394898314,
        0.006238962005582728,
        0.005442595024974309,
        0.004344725251403654,
        0.003012010392773284,
        0.0015346936265549299,
        1.7041056583805365e-05,
        -0.0013545381133947588,
        -0.0024058715040331767,
        -0.0032095058036276467,
        -0.00411661201977863,
        -0.005382287555650169,
        -0.006719044994674922,
        -0.007380387774747638,
        -0.006819555606795367,
        -0.005175827020519083,
        -0.002990542826282091,
        -0.0005665330000493051,
        0.002140298627526035,
        0.004955101208851618,
        0.007082621019202509,
        0.007585954956937888,
        0.0062941752791685155,
        0.004001539559058961,
        0.0016456986287025194,
        -0.0005398087301486286,
        -0.002870781668943798,
        -0.00532189862999711,
        -0.007110962415938661,
        -0.007354596977472786,
        -0.005988527691408529,
        -0.0037741823394670504,
        -0.0013890375848600637,
        0.0012364333552627818,
        0.004521134489699826,
        0.008301206639121542,
        0.011543151942538334,
        0.013096609312648637,
        0.012610655339510609,
        0.010565454309256976,
        0.007518030528830472,
        0.003571202516374722,
        -0.0013823386762223614,
        -0.0071025615617940725,
        -0.012848816456014371,
        -0.017729798291379033,
        -0.021036154396834945,
        -0.022188667712783782,
        -0.020613247469331665,
        -0.015994009399070294,
        -0.008712708574108633,
        9.260378239776194e-05,
        0.008966211191390395,
        0.016644919985485705,
        0.022247745137911397,
        0.025179904983207248,
        0.025081675334218224,
        0.02198673975943755,
        0.016466184600372923,
        0.009494908824110838,
        0.0021093700086491575,
        -0.0048624320138534,
        -0.010828734479508257,
        -0.015329280304322967,
        -0.01805125766118347,
        -0.01894839696928342,
        -0.01814352743401693,
        -0.015624772071703841,
        -0.011258332582674778,
        -0.005335733778442245,
        0.0009677923986938443,
        0.006012905411040189,
        0.008854976340736218,
        0.009927964581305515,
        0.010314967005879465,
        0.010372234747420642,
        0.009410259215865571,
        0.006797997934314701,
        0.0030394158850311423,
        -0.0005036627777033451,
        -0.0028612332940247728,
        -0.0041558021037119645,
        -0.004963457655760538,
        -0.005299579389619941,
        -0.004639533118943323,
        -0.002833086994598987,
        -0.0005606347927267186,
        0.0012336444696075413,
        0.0021666039350703697,
        0.0025578830436094667,
        0.002804616230129167,
        0.0028310306807295387,
        0.002333883073382885,
        0.001363551125248044,
        0.0003560197372302118,
        -0.0003028674480357786,
        -0.0005580067112795155,
        -0.0006511081941375234,
        -0.0008817659932179473,
        -0.0013548006562030981,
        -0.001953987549906513,
        -0.0022090538678992996,
        -0.0009335926567523691,
        0.002745838128482306,
        0.0062483990323608666,
        0.0026387084172548236,
        -0.012771059664443911,
        -0.03248988606464794,
        -0.03720104137782488,
        -0.013094027428845348,
        0.0283809071605431,
        0.053876652103492934,
        0.04037745050182888,
        0.0052265961849952275,
        -0.007251775987104459,
        0.01977185784878274,
        0.04271540789876579,
        0.004122852558542449,
        -0.07931031970641222,
        -0.10659594065145113,
        -0.009633394909970911,
        0.12989891075694351,
        0.13899478940271975,
        -0.04009529247183664,
        -0.2434446228859671,
        -0.24398038198572108,
        -0.010024562145798657,
        0.24948128905677924,
        0.31090091015360566,
        0.15653857235529448,
        -0.05661257995084075,
        -0.1918361146118953,
        -0.23024875012386636,
        -0.20037737727893026,
        -0.10366837556204973,
        0.05191442238291308,
        0.20236572337099593,
        0.27280708229567174,
        0.25524335636474976,
        0.19393299355241891,
        0.10323200216944567,
        -0.04586973771563284,
        -0.24560354997143113,
        -0.40720918191369776,
        -0.4333490614815793,
        -0.31367740008952216,
        -0.11823168157085862,
        0.08741698810810013,
        0.2814814607184622,
        0.4419081601822251,
        0.5087109957516959,
        0.4266046908134536,
        0.21914132087515903,
        -0.008262308155123172,
        -0.15773656263997957,
        -0.2296736364563299,
        -0.3093326648206795,
        -0.4496999183234386,
        -0.5753610464221742,
        -0.5337826239660097,
        -0.26472725528777613,
        0.09790142230196686,
        0.32993825410815036,
        0.3321472237408891,
        0.21864623644364198,
        0.1810911938089261,
        0.2915331556715829,
        0.45952941451496837,
        0.5528052122897293,
        0.5113739663524318,
        0.3476688661499707,
        0.09524752494949593,
        -0.20129759322997262,
        -0.47110557629906724,
        -0.6405938034584862,
        -0.6829810441901084,
        -0.6252106062752971,
        -0.5049119207369172,
        -0.3424759561162941,
        -0.15844794381253624,
        0.01140121880429072,
        0.14084675495358928,
        0.23895946114040711,
        0.32774047406483575,
        0.39917965673726785,
        0.41802930101436137,
        0.37086101133094634,
        0.29109973903091013,
        0.22268098678994697,
        0.1723341235491233,
        0.1138934210433019,
        0.03352824854559302,
        -0.04665154501814945,
        -0.09224342377950281,
        -0.09164659530236141,
        -0.06355088922946339,
        -0.0395374760486626,
        -0.04527461456770134,
        -0.08949684088179599,
        -0.15936685797195416,
        -0.22734035795343568,
        -0.27128172081355983,
        -0.29043062372407497,
        -0.29803039231756895,
        -0.299292284309745,
        -0.2829385612796772,
        -0.23537361869762166,
        -0.156057183299502,
        -0.05490892700166658,
        0.05918992057051912,
        0.17966363557176906,
        0.29424275814059503,
        0.3842291077230927,
        0.435453982450077,
        0.44756036324057724,
        0.43156949590471483,
        0.4006940334642897,
        0.3626737326702286,
        0.3153473279575195,
        0.24693904494365443,
        0.1455686206461409,
        0.014079196799324603,
        -0.12593970665818938,
        -0.24934249616455514,
        -0.3458949662425392,
        -0.4196256504128648,
        -0.47166116914626227,
        -0.49163681975690066,
        -0.46961565600561017,
        -0.4106511516888178,
        -0.3312658274966755,
        -0.2438378279675545,
        -0.15052138697169357,
        -0.05178054377903734,
        0.046067097116439915,
        0.13438626944173176,
        0.20827189659815812,
        0.26530620325475124,
        0.30175782627250297,
        0.31476824790615326,
