{
    "freq_wf": 3.2,
    "wf": [
        0.000281619044514627,
        0.0004344475726553158,
        0.0005367369590841128,
        0.0005818197884054133,
        0.0005716180734606982,
        0.000515895680233192,
        0.00042679933720761465,
        0.00031473016517097416,
        0.00018967016339793303,
        6.485062431204954e-05,
        -4.3271512878224434e-05,
        -0.0001199227441277904,
        -0.00015743912066519406,
        -0.00015701216512058574,
        -0.000126434763968109,
        -7.636183053663619e-05,
        -1.7821267806702207e-05,
        3.810574556622694e-05,
        7.98551722343511e-05,
        9.647691015374922e-05,
        8.091672944404145e-05,
        3.310184837319169e-05,
        -4.051854613726521e-05,
        -0.00013052436428374943,
        -0.00022640747652697717,
        -0.000314510190334477,
        -0.00037669755815629636,
        -0.0003953212106998975,
        -0.00036211718816743364,
        -0.0002820560055987036,
        -0.00016759912273233836,
        -3.0280012215931847e-05,
        0.00012004857699643782,
        0.0002689236328698525,
        0.0003954159674955188,
        0.0004806101551174194,
        0.0005174029535313427,
        0.0005095169449164655,
        0.0004612910220918312,
        0.0003720277069936311,
        0.0002424314089184271,
        8.37551802812262e-05,
        -8.36345058794761e-05,
        -0.0002406969271132038,
        -0.00037567686272422043,
        -0.0004797426571266347,
        -0.0005412597534103305,
        -0.0005487201126568298,
        -0.0004993122850775998,
        -0.0004014843417328248,
        -0.0002679763478484084,
        -0.0001093830646661266,
        6.306424100348154e-05,
        0.0002315098013439179,
        0.00037379120118516943,
        0.00047348055446708187,
        0.0005253662277950561,
        0.0005296801247213284,
        0.00048390927698581734,
        0.0003849351195496385,
        0.0002396229923150229,
        6.874074943449152e-05,
        -0.0001029157168974719,
        -0.00025903070300414225,
        -0.00039298033394688216,
        -0.0004991071276639995,
        -0.000567290317963377,
        -0.0005878008076625777,
        -0.0005586182598574098,
        -0.0004846422161135488,
        -0.000370947794898242,
        -0.00022073662597914314,
        -4.0765353755200724e-05,
        0.00015353339773829252,
        0.0003394111611865035,
        0.0004923584602338704,
        0.00059138459770522,
        0.0006253993875241925,
        0.0006023794503752067,
        0.0005494592403614332,
        0.0004888175802662432,
        0.0004067664411938334,
        0.00026346830238405605,
        5.4152971662301406e-05,
        -0.00014340821176421638,
        -0.00021091375925050943,
        -0.00010630863910831201,
        6.127606821381883e-05,
        0.00011118611565525343,
        -8.075104594837887e-06,
        -0.00011347003212483108,
        1.9962573007512735e-05,
        0.0002995229873494657,
        0.00026246970651010626,
        -0.0004098227936315599,
        -0.001315547820555449,
        -0.001548803124558529,
        -0.0007221301263162737,
        0.0003876352054162746,
        0.0005699193385042386,
        -0.0004045017832801756,
        -0.001437654691919424,
        -0.0013754378726457631,
        -0.0003644044736023397,
        0.00040463489327363785,
        0.0001985572041668319,
        -0.00045573700364369397,
        -0.0006164144209143594,
        -0.00018683525431944557,
        8.822335960234943e-05,
        -0.00020547911498613615,
        -0.00044398499911736786,
        0.00033660470686222,
        0.0022611168499329327,
        0.004417005518456747,
        0.005725689040640679,
        0.005670246987715772,
        0.004152908677452154,
        0.0011513293926078347,
        -0.0029768688591118,
        -0.006973499379722656,
        -0.009089963816253429,
        -0.008427477909678415,
        -0.00572074009104264,
        -0.002519615411477604,
        0.00029976046566840785,
        0.0029403389384268716,
        0.005740189766674114,
        0.008323350839562954,
        0.009904452555960595,
        0.010080493850415737,
        0.0089269041451191,
        0.006464653095612263,
        0.0025341874189340648,
        -0.0026173554380455153,
        -0.007927439935696215,
        -0.012023010046915802,
        -0.014157753027798606,
        -0.014578283655330343,
        -0.014054546768246415,
        -0.013151111172858429,
        -0.01181709448771024,
        -0.009440997194689086,
        -0.005317115553607532,
        0.0006599485191958317,
        0.007599409836983801,
        0.014063111550511112,
        0.01907683630246842,
        0.022581404473257453,
        0.024725435843140242,
        0.024943591843248396,
        0.022218255453000012,
        0.01637375768871146,
        0.008693484255265886,
        0.0009081062514957758,
        -0.006185225797456238,
        -0.012683698088455472,
        -0.018373929712519336,
        -0.02232245481868265,
        -0.024003286830873098,
        -0.02425822995098729,
        -0.024403492308146833,
        -0.02445882522227343,
        -0.022948000703867898,
        -0.018695200728465044,
        -0.012275835675986507,
        -0.005235700214895097,
        0.00172869708847342,
        0.009102846829536682,
        0.01712508362516215,
        0.024831500617880208,
        0.030976513519078888,
        0.03537980790251726,
        0.038611282533136816,
        0.040426046105291186,
        0.03931876759048068,
        0.034075043204314606,
        0.025345345440070662,
        0.01512687291226842,
        0.004828539427404662,
        -0.0055934173030589285,
        -0.016548114822955914,
        -0.027519991871326463,
        -0.037319288922016323,
        -0.0452394544725337,
        -0.05129816815050918,
        -0.05531362172433457,
        -0.05637946083203662,
        -0.05365001985048231,
        -0.04732540276195,
        -0.03840910553777819,
        -0.027614504006849006,
        -0.014988007160927512,
        -0.0006901685595568892,
        0.014306140273970185,
        0.02862415319969714,
        0.04136537343715028,
        0.0522307070913172,
        0.06086008301048934,
        0.06648247692659545,
        0.0683967880415028,
        0.06654837238112536,
        0.061399084378722345,
        0.053368969310110634,
        0.0426774182945735,
        0.029717412056816103,
        0.015314633862252992,
        0.0004798407437052289,
        -0.013964736477275004,
        -0.027406043781602704,
        -0.039235388809941506,
        -0.048846676008191876,
        -0.05585724507335122,
        -0.060181904606561476,
        -0.061836341502132706,
        -0.060786526949799094,
        -0.057077594062199484,
        -0.051019770961587635,
        -0.0431153438249399,
        -0.03381521164805556,
        -0.023448762945252943,
        -0.012391798479413733,
        -0.0011801199752960439,
        0.009616563542199096,
        0.01957531190006002,
        0.028410433581753807,
        0.03583107177736449,
        0.041499965830208284,
        0.04514518930924243,
        0.0466615335839341,
        0.0460993500153534,
        0.043614045445774956,
        0.039451040774241906,
        0.033926709266052235,
        0.027368405577595654,
        0.020075601946560474,
        0.01235336896439459,
        0.004550034162791833,
        -0.0029840776094850635,
        -0.009967942035605784,
        -0.016183480551703263,
        -0.021408721626445307,
        -0.025415451684548403,
        -0.028061600082642916,
        -0.029354922911011765,
        -0.02939684958451191,
        -0.028285238244302624,
        -0.02610180935140862,
        -0.022973618600376364,
        -0.019097090309868236,
        -0.014690831502910567,
        -0.009956996636582479,
        -0.005101365332364949,
        -0.000355628256568075,
        0.004057962806882952,
        0.007982740494517228,
        0.011333686938444458,
        0.0140584887256003,
