{
    "freq_wf": 3.2,
    "wf": [
        -0.0028466361458728785,
        -0.0029943633157035574,
        -0.003001938694748538,
        -0.0028677017000903826,
        -0.0026065067499600994,
        -0.0022348270158573705,
        -0.0017612413090946147,
        -0.00118561861728114,
        -0.0005038944490636477,
        0.0002857203023326953,
        0.0011764278618549193,
        0.0021448289517452973,
        0.003139983133696548,
        0.004073358921687316,
        0.004819598955565017,
        0.005237220776284235,
        0.005206767313068195,
        0.004669711153769068,
        0.0036487240554442806,
        0.0022423500143792154,
        0.0006022094830226841,
        -0.0010952139832151717,
        -0.002676247534595779,
        -0.0039952221499747215,
        -0.0049523053374110676,
        -0.005497599173028944,
        -0.005622374390142959,
        -0.005347544111896992,
        -0.004718343853120348,
        -0.00380297840758797,
        -0.0026860058102448118,
        -0.001453881129504015,
        -0.00018174072206295978,
        0.0010683721130368977,
        0.0022389861795232284,
        0.0032695494053198914,
        0.004098194584789952,
        0.004670912084068887,
        0.004950442561317376,
        0.004920784045430863,
        0.004588517189595543,
        0.003981979637463242,
        0.003146532675873255,
        0.0021358208401730124,
        0.0010042868417203582,
        -0.00019306050726171543,
        -0.0013948342427289706,
        -0.002529762652258919,
        -0.0035216954422828033,
        -0.0043002465140799875,
        -0.004809287326522901,
        -0.0050098686578847005,
        -0.004880748072189372,
        -0.004420133789525866,
        -0.0036481822195670375,
        -0.0026085167581207966,
        -0.0013693534395946751,
        -2.451845441904612e-05,
        0.0013099898158052898,
        0.0025099145356273123,
        0.003466085060071208,
        0.004106205105107279,
        0.004402923562082336,
        0.004366373154711078,
        0.004030952065056051,
        0.0034472499599354804,
        0.002680537412076768,
        0.001808222147014486,
        0.0009099472124544273,
        5.348655021279045e-05,
        -0.000714093150882667,
        -0.0013650234790849056,
        -0.001884329274106199,
        -0.002266943845400351,
        -0.0025196752611931226,
        -0.002660228444403654,
        -0.002707171555443142,
        -0.002666210337751837,
        -0.0025254751466122034,
        -0.002265969621437229,
        -0.001879566076774077,
        -0.0013807567561990748,
        -0.0008050367911276532,
        -0.00019743730193457447,
        0.0004010757091039305,
        0.0009639167779881374,
        0.0014825846106072793,
        0.0019606084285623496,
        0.0023979193312408864,
        0.0027738732117965985,
        0.003042121133924895,
        0.0031440268981465557,
        0.00303271663963088,
        0.0026910298825989555,
        0.0021331135687338615,
        0.0013946888391068366,
        0.0005249940812326754,
        -0.00041371492096423194,
        -0.001345881552201583,
        -0.002191015298597435,
        -0.0028800319076974744,
        -0.0033687676584295972,
        -0.0036394125659101324,
        -0.0036907917713657175,
        -0.003526103709829193,
        -0.003147034888656852,
        -0.002558973947513533,
        -0.001785483634986554,
        -0.0008818267732929214,
        6.70528148083432e-05,
        0.0009703605611984395,
        0.0017643559227589712,
        0.002429638868826535,
        0.002978728160145577,
        0.003425094077491667,
        0.0037591236150978564,
        0.0039459178049395215,
        0.0039382340528902006,
        0.003689463484051322,
        0.003161995489890181,
        0.0023382896700575345,
        0.0012385489999854726,
        -6.497858720823077e-05,
        -0.001451993210885767,
        -0.00277908366826691,
        -0.003911700200343029,
        -0.004745950943176841,
        -0.005214617123503202,
        -0.005284170374045266,
        -0.004951222113287386,
        -0.004240901667680895,
        -0.0032057164206323397,
        -0.0019236871339495805,
        -0.000494819138947395,
        0.0009657166896745793,
        0.00233847651811329,
        0.0035130310066023352,
        0.004399992657690185,
        0.004937406836369706,
        0.005087634802931595,
        0.004825165700381873,
        0.004128402891237669,
        0.003002591981722906,
        0.0015473350606470483,
        2.1932793975397235e-05,
        -0.0011919432794972637,
        -0.0017802326773306012,
        -0.0017318091608525144,
        -0.001400380063654615,
        -0.001260815231400468,
        -0.0014871523483022161,
        -0.0017276356817477903,
        -0.001447315185390428,
        -0.0007491342171082376,
        -0.0008325154645427306,
        -0.003063957969124092,
        -0.006901978606933145,
        -0.008888491731962099,
        -0.004986384131767155,
        0.004729454143486794,
        0.01376812369717704,
        0.013221848766834212,
        -0.00011745470711955287,
        -0.018960958028809087,
        -0.029420346487289275,
        -0.02103313744820709,
        0.005230651900951569,
        0.03691730419146641,
        0.05715778295187951,
        0.05362392091515332,
        0.024625438776738593,
        -0.019810504497284588,
        -0.061982794504092255,
        -0.08406162157276505,
        -0.0757415594971094,
        -0.038291706846557624,
        0.01650940771388996,
        0.07110031345083342,
        0.10794635150519752,
        0.11469770076023084,
        0.0878000045044619,
        0.033622110646633584,
        -0.03360041659485837,
        -0.09637323046251661,
        -0.13910756036851346,
        -0.15188192985060098,
        -0.13206485927835326,
        -0.0841110224358844,
        -0.01805622205102929,
        0.05289663741008642,
        0.11524018274123013,
        0.15784092187306767,
        0.17383949744858102,
        0.16145144830124297,
        0.12368132421473892,
        0.06724130760722706,
        0.0011035759504920304,
        -0.06495916581281326,
        -0.12169953185945344,
        -0.1615656480727046,
        -0.1796364161247951,
        -0.17415960649678697,
        -0.14659203551270522,
        -0.10119355618176282,
        -0.04430164648615218,
        0.016616518814670987,
        0.07404813717232467,
        0.12149390575608683,
        0.15427078149579382,
        0.16987714153755745,
        0.16790774593935381,
        0.1496801543690298,
        0.11779550692329309,
        0.0757714585069792,
        0.02773686920687986,
        -0.02189288276939404,
        -0.06877817595877342,
        -0.1089837643459512,
        -0.1392278130058384,
        -0.15711117953649745,
        -0.16138612874464417,
        -0.15216038177171637,
        -0.13082326321459864,
        -0.09964342676156149,
        -0.061292250207474634,
        -0.018622762838910383,
        0.025250553618335256,
        0.06686293314081862,
        0.10261340132020678,
        0.1293084316697822,
        0.1447918321354346,
        0.14837204843558985,
        0.14087111955688325,
        0.12426742652493387,
        0.10106732308193782,
        0.07368464963317856,
        0.04409833580822007,
        0.013845488079893279,
        -0.015822537245149954,
        -0.04381141151883415,
        -0.06911332683879332,
        -0.0907334051683005,
        -0.10762893118240731,
        -0.11875878345042587,
        -0.12327057884264583,
        -0.12072210144650142,
        -0.11122115993842571,
        -0.0954663361165483,
        -0.0747209257604497,
        -0.05070467019909512,
        -0.025364264125331385,
        -0.0005618781457613457,
        0.022193861330704872,
        0.041875169878813255,
        0.05792372658934952,
        0.07016491794504685,
        0.07869965745901397,
        0.08380114769137209,
        0.08583754431233195,
        0.08522242316667339,
        0.08236266661575857,
