{
    "freq_wf": 3.2,
    "wf": [
        0.02253943868144263,
        0.018760861467436604,
        0.012351373078925176,
        0.004516516635250954,
        -0.0032943771900580568,
        -0.009893449246133602,
        -0.01460201462128548,
        -0.017208226326572547,
        -0.017801732707661316,
        -0.01663835926315594,
        -0.0140504401817819,
        -0.010361096614240789,
        -0.005842056294147861,
        -0.0008103205072382898,
        0.004171233766697743,
        0.008228036163165501,
        0.010452658285850189,
        0.01039430506970441,
        0.00832664229758553,
        0.005023962518264169,
        0.0012858294036763986,
        -0.0022902861528367956,
        -0.005131024898166686,
        -0.006490270932022572,
        -0.005670588793864028,
        -0.002563033512805096,
        0.0020562434508585832,
        0.006835010824233172,
        0.010503484863390361,
        0.012328385873398788,
        0.012121908533963393,
        0.010025986993770084,
        0.006362527385769026,
        0.0015840933573745425,
        -0.003776313517099762,
        -0.009141747488463648,
        -0.013838009787158077,
        -0.01704283158324952,
        -0.01795289964937838,
        -0.01617697688847266,
        -0.012035533374508703,
        -0.006459406465677421,
        -0.0005712288408616381,
        0.004684864059838937,
        0.008672719978987328,
        0.011092794304100767,
        0.012045516562718234,
        0.011982045627764582,
        0.011364582306897252,
        0.010245008806171534,
        0.008239350028445648,
        0.005031859437556513,
        0.0009175018240109392,
        -0.0032096117182752915,
        -0.006403928026889542,
        -0.00815757542895095,
        -0.008402813465686089,
        -0.007240784244887614,
        -0.004868415357156647,
        -0.0017696795374534209,
        0.0012169227671247433,
        0.003220593691538788,
        0.00380607762247367,
        0.003132017645142009,
        0.0016871648413851379,
        -7.164869016185788e-05,
        -0.001846748168904506,
        -0.003414980175415983,
        -0.004586300581413964,
        -0.005306074101407156,
        -0.005715109753487428,
        -0.0059701722795579325,
        -0.005932621252876026,
        -0.005078352912906567,
        -0.002827896550670504,
        0.0009398706846184405,
        0.0056622049693893445,
        0.010363820766250326,
        0.014141337599836,
        0.016411552075181298,
        0.01681057470727326,
        0.015043051272340346,
        0.010976645618269252,
        0.00490543671405277,
        -0.0023403375109853583,
        -0.009592490275611468,
        -0.0156815369389551,
        -0.019678146741807765,
        -0.02100874908364276,
        -0.019539033840291677,
        -0.015614596233234138,
        -0.009955064326859006,
        -0.0034256181685097488,
        0.0031186175508103966,
        0.008807093027214635,
        0.012727570161389779,
        0.014162482694323105,
        0.013028230407595005,
        0.010087725799352602,
        0.006604974009409123,
        0.0036519233850395316,
        0.0016509204734290932,
        0.0004820389697848695,
        -0.00010473447062939062,
        -0.0002588879320536123,
        -0.00011129002654101121,
        0.00011585478515335197,
        0.00019832389414050722,
        6.13328102009832e-05,
        -0.0002507923670398788,
        -0.0007450143999715471,
        -0.0015266177064694852,
        -0.0026496886254137454,
        -0.004011566797793111,
        -0.005468181037667789,
        -0.006974289446804248,
        -0.008455364834916598,
        -0.009514949821510917,
        -0.009429310938576844,
        -0.007619547658607403,
        -0.004179234955530851,
        0.00012671446013182519,
        0.004408500493213191,
        0.008137359400035767,
        0.011084414846149497,
        0.012937696049408375,
        0.013205003105487844,
        0.01159397590235178,
        0.00842135271178225,
        0.004554719615259737,
        0.0009390745604787508,
        -0.0018207612093888979,
        -0.0035310269895449933,
        -0.004270004988857791,
        -0.004274183513994827,
        -0.0038698950797995554,
        -0.003374897185053484,
        -0.003012786815082983,
        -0.0029192454961465626,
        -0.003173004799087255,
        -0.0037168868006885267,
        -0.0042111383820542265,
        -0.004065219801655768,
        -0.002842257808853217,
        -0.000950398978261459,
        -0.00014559285749505318,
        -0.0029223877671998256,
        -0.010090203755166878,
        -0.017877390119922384,
        -0.018410303962378256,
        -0.005770068904677138,
        0.016960783190604085,
        0.03790053189086682,
        0.04478708325783921,
        0.032486061747248766,
        0.003579256953320399,
        -0.03148082907885125,
        -0.05036086675700977,
        -0.02585506754472951,
        0.04264996926579624,
        0.10140763984871012,
        0.0732884361221779,
        -0.05313997365554798,
        -0.17256095623560083,
        -0.1429385317319578,
        0.055267901499809265,
        0.25842320923164974,
        0.2569502636125715,
        0.0059525062138735705,
        -0.3162316343584878,
        -0.46620761892427237,
        -0.3404307279765473,
        -0.0281397368330746,
        0.2967589584124205,
        0.49773116118438343,
        0.5111647182809539,
        0.3318420071820652,
        0.014777037211382203,
        -0.3207580146284062,
        -0.5362614815513208,
        -0.5524874668227889,
        -0.38632114815420343,
        -0.11503292162789842,
        0.17972168377303832,
        0.4305893161650931,
        0.5763227551067869,
        0.5714954574443301,
        0.4166635094732092,
        0.16693457057719144,
        -0.10103479209404967,
        -0.33075530550407023,
        -0.4965198190767502,
        -0.5858243557074961,
        -0.5856192218977756,
        -0.4876127186290272,
        -0.2999555369168522,
        -0.051327059663597935,
        0.21249583775524955,
        0.4374121026338621,
        0.5779648339525453,
        0.6171881867523404,
        0.5710353088708513,
        0.46841354471037516,
        0.32583969467161406,
        0.14459946729444131,
        -0.06851145165529078,
        -0.2847230726999076,
        -0.4620293671337229,
        -0.5683216368957045,
        -0.5940706447093053,
        -0.5471930174228903,
        -0.4429893654986135,
        -0.29989728071724875,
        -0.13818181557550718,
        0.02379599493022007,
        0.1731950908568675,
        0.30181050363093553,
        0.40286503631889,
        0.4700010838398855,
        0.49779416582064384,
        0.48114571356948144,
        0.415975609821847,
        0.30480344652518326,
        0.16272547003123772,
        0.01446262353436414,
        -0.11764539757411564,
        -0.22270387094536925,
        -0.2985929108437202,
        -0.34401944916811245,
        -0.3574910471856158,
        -0.34367108393733825,
        -0.3157456679793391,
        -0.2873372080327884,
        -0.2615412995668191,
        -0.22858328433470995,
        -0.17388537060409665,
        -0.08888040989304571,
        0.02275172205408783,
        0.14544065349792556,
        0.2575147465820503,
        0.33964722754180376,
        0.381249802849752,
        0.38109904940678285,
        0.34395796653939187,
        0.27851614203628244,
        0.19797782528467756,
        0.11868270683781693,
        0.05390217333262104,
        0.007635366726456396,
        -0.02484047505946083,
        -0.050522742638320524,
        -0.07384938199899219,
        -0.09744635649027239,
        -0.12434818787454499,
        -0.1565490645756418,
        -0.19122638512939852,
        -0.21999704542421128,
        -0.2330554215073946,
        -0.22475665665661732,
        -0.19653445922743557,
        -0.1557947525300442,
        -0.11168340314317225,
        -0.07011861838677681,
        -0.0317432886432446,
        0.005060246757205679,
