{
    "sampling_rate": 2.4753100452122956,
    "dt": 39.591,
    "wf": [
        -42,
        232,
        132,
        103,
        -91,
        -140,
        -213,
        -66,
        -1,
        185,
        126,
        137,
        -112,
        30,
        -315,
        186,
        -891,
        795,
        298,
        -3000,
        4183,
        2522,
        -6757,
        -3571,
        7560,
        7588,
        -3630,
        -11799,
        -8485,
        1667,
        9365,
        9158,
        1929,
        -6786,
        -11366,
        -9869,
        -2986,
        6152,
        13594,
        16384,
        14256,
        8633,
        1715,
        -4972,
        -10273,
        -13261,
        -13623,
        -11808,
        -8186,
        -3405,
        1749,
        6106,
        8816,
        9501,
        8460,
        6235,
        3453,
        316,
        -2545,
        -4465,
        -4991,
        -4420,
        -3208,
        -1878,
        -703,
        139,
        756,
        1062,
        1236,
        1385,
        1510,
        1454,
        1188,
        703,
        217,
        -314,
        -896,
        -1438,
        -1616,
        -1354,
        -745,
        24,
        717,
        995,
        882,
        517,
        104,
        -144,
        -115,
        75,
        223,
        205,
        91,
        -38,
        -147,
        -321,
        -504,
        -561
    ],
    "pos_amp_factor": 1.0,
    "neg_amp_factor": 0.83148193359375
}