{
    "freq_wf": 6.289308176100629,
    "wf": [
        1.8705698746773642e-05,
        0.00028846781271571367,
        0.0005404674067681338,
        0.0007571830256518751,
        0.0009235465925542047,
        0.0010280298261361456,
        0.0010634294774231699,
        0.0010273207007676765,
        0.0009221911741257684,
        0.0007552852076010281,
        0.0005381777056893218,
        0.0002860770472338759,
        1.6845236269440697e-05,
        -0.00025025898754192476,
        -0.0004960585403284778,
        -0.0007030335486665095,
        -0.0008568094810969573,
        -0.000947351054202745,
        -0.0009696879778565135,
        -0.000924081874485611,
        -0.0008156520165348132,
        -0.0006535758586989601,
        -0.00045003924615957136,
        -0.00021911837472462126,
        2.4261443774105215e-05,
        0.000265205749251778,
        0.0004895467387179446,
        0.0006843792468285864,
        0.000838488824313557,
        0.0009427327260416234,
        0.000990426295899648,
        0.0009777613068747105,
        0.0009042400569931176,
        0.0007730569342655134,
        0.0005913143361185025,
        0.00036994329934352384,
        0.00012322625792695024,
        -0.00013211018923364105,
        -0.0003781693332736854,
        -0.0005973726757007065,
        -0.000773956846986285,
        -0.0008952741430928178,
        -0.0009527439374292867,
        -0.0009423854349992535,
        -0.0008649462661622162,
        -0.0007256988300337323,
        -0.000533993089741115,
        -0.00030263486369623934,
        -4.712166938308835e-05,
        0.00021526172223318456,
        0.000466490553475551,
        0.0006889685203905946,
        0.0008667544754159653,
        0.0009867468360289604,
        0.0010397099253324055,
        0.0010210408922196612,
        0.0009312120748103365,
        0.0007758637060034196,
        0.0005655484861091381,
        0.0003151368668495327,
        4.28890077726814e-05,
        -0.00023079554041307014,
        -0.0004849111669861983,
        -0.000699570632004969,
        -0.0008577666363193113,
        -0.0009469695864182941,
        -0.0009603503809512422,
        -0.0008974523880852372,
        -0.0007642106588486424,
        -0.0005723104763417791,
        -0.0003379702369444872,
        -8.03083556811923e-05,
        0.00018049921497376398,
        0.0004250483236427369,
        0.0006363148263486272,
        0.0008008763610987945,
        0.0009096484543990617,
        0.0009581159138692216,
        0.000946120137551969,
        0.0008773243904531972,
        0.0007585069283831438,
        0.0005988194939575075,
        0.00040910214382823616,
        0.00020128221330595962,
        -1.217093673634033e-05,
        -0.00021879187081121757,
        -0.00040671203493302153,
        -0.000565302919228051,
        -0.0006858165669776096,
        -0.0007619286284966701,
        -0.0007900837208095823,
        -0.0007695805970366458,
        -0.0007024020665627949,
        -0.0005928633625782986,
        -0.00044719255376543293,
        -0.0002731501222340106,
        -7.974543207396267e-05,
        0.00012296212830886346,
        0.0003240497549735849,
        0.000512004344997302,
        0.0006751652333997178,
        0.0008023713521715302,
        0.0008837865411223114,
        0.0009118229844273957,
        0.0008820484344689737,
        0.0007939501934886502,
        0.0006514337971372762,
        0.000462952740737226,
        0.00024119635843276874,
        2.307327947519974e-06,
        -0.00023534219024413084,
        -0.00045272167249868104,
        -0.0006319051423500467,
        -0.0007578268183334899,
        -0.0008198166907666078,
        -0.0008127250892487813,
        -0.0007375000085359679,
        -0.0006011572020191226,
        -0.00041616336252706934,
        -0.00019931788358588208,
        2.9745854592285983e-05,
        0.0002503155039746341,
        0.00044250070517173375,
        0.0005891696701420773,
        0.0006777670399544548,
        0.000701769111751994,
        0.0006614487761638761,
        0.0005636383333694128,
        0.00042036859564397285,
        0.00024659928785848164,
        5.757955690834774e-05,
        -0.00013350587049091878,
        -0.0003170878957864665,
        -0.00048765398302233687,
        -0.0006428230046204754,
        -0.0007808035005738272,
        -0.0008965212543458408,
        -0.0009782252301371822,
        -0.001008154741347977,
        -0.0009706047269762803,
        -0.0008662788208989485,
        -0.0007241632105293032,
        -0.0005970720357694929,
        -0.0005320623769682123,
        -0.0005242451672360052,
        -0.0004832427452576238,
        -0.00024857429503850073,
        0.0003294523443782593,
        0.0012688176523952474,
        0.0023605178808216738,
        0.0031726749466028463,
        0.0031889930350322265,
        0.0020456177399383324,
        -0.00023438663457459052,
        -0.0031293099257513756,
        -0.0057086109622579715,
        -0.006917716646273992,
        -0.005962898970348559,
        -0.00265171065966977,
        0.0024446951467790926,
        0.008076533467196426,
        0.012627723748005722,
        0.014557993432117059,
        0.01283817545585389,
        0.007251251429991836,
        -0.0015200337363218907,
        -0.012031520015406423,
        -0.02239265231988482,
        -0.0306692070280936,
        -0.035274379187933996,
        -0.03526490481580659,
        -0.03049178893645854,
        -0.02159333634209648,
        -0.009851513360107417,
        0.0030451070034759557,
        0.01527955034814886,
        0.0251762547671816,
        0.031423681009780935,
        0.03322524777281949,
        0.030368441685837747,
        0.023214141631592806,
        0.012617558733170189,
        -0.00020126686406412068,
        -0.013815749503214687,
        -0.026757466501327057,
        -0.037667377646110854,
        -0.0454187404939895,
        -0.04920344170355894,
        -0.04857980361460913,
        -0.0434846587132935,
        -0.034214979225061476,
        -0.02138490356726961,
        -0.005863552586969193,
        0.011301397609835541,
        0.028969210116516517,
        0.04599464899930497,
        0.06131270172998124,
        0.07401225859054551,
        0.08339234108206958,
        0.08899642188266707,
        0.09062313686725257,
        0.08831467547508523,
        0.08232675899068251,
        0.07308593832066027,
        0.0611407388122976,
        0.04711292256475325,
        0.03165395462617219,
        0.015409898004657797,
        -0.0010042081439548777,
        -0.01702143978017874,
        -0.032133849171094304,
        -0.04589973708088026,
        -0.05794930129874887,
        -0.06798933804308852,
        -0.07580643748790157,
        -0.08126753501110735,
        -0.08431697999415386,
        -0.08497021608946576,
        -0.08330519000110631,
        -0.0794532043650681,
        -0.07359086134423279,
        -0.06593409065837001,
        -0.05673431559242933,
        -0.046275925416409514,
        -0.03487365551952487,
        -0.022868356782953857,
        -0.010619958308540341,
        0.0015029184971401956,
        0.013136426101356378,
        0.02393699486785454,
        0.03359726599171026,
        0.04186060356214948,
        0.04853246085963061,
        0.05348731591661909,
        0.05667052122082963,
        0.05809508595703952,
        0.05783402365925782,
        0.05600942022859063,
        0.05277980093409281,
        0.048327645230358075,
        0.042848880324803613,
        0.03654573333610619,
        0.029623417519994186,
        0.022289969992615705,
        0.014757527673925163,
        0.007242820502037867,
        -3.5107253086294565e-05,
        -0.006861031435763622,
        -0.013033354049004069,
        -0.01837618336448416,
        -0.022751498173810385,
        -0.026069038429217244,
        -0.028292020719527303,
        -0.029437676987999865,
        -0.029572671942131583,
        -0.028804373385911457,
