{
    "freq_wf": 6.289308176100629,
    "wf": [
        1.7623082330005478e-06,
        0.0002115758294767628,
        0.000406473212955773,
        0.0005716391832392384,
        0.0006960579927640306,
        0.0007720450190102906,
        0.0007960427334020486,
        0.0007679414106622415,
        0.0006898766671814319,
        0.0005668573403770933,
        0.0004062017820969032,
        0.00021620252954121597,
        7.850418284160356e-06,
        -0.0002036312535930543,
        -0.00040065204436566483,
        -0.0005653843980009462,
        -0.000682325040568105,
        -0.0007424505028219625,
        -0.0007443795041997929,
        -0.0006922387042446635,
        -0.000594691435460436,
        -0.0004633239883381028,
        -0.00030916697599018,
        -0.00014189945542651057,
        2.9177383165773075e-05,
        0.0001957735917820046,
        0.00035010583448573623,
        0.0004837884538209558,
        0.0005899286725346726,
        0.0006645289277717135,
        0.0007044033271442075,
        0.0007063330055092966,
        0.0006675514969244521,
        0.0005853723621946027,
        0.00045951013280166707,
        0.00029575228767591953,
        0.00010535240307426231,
        -9.695535971047699e-05,
        -0.000293537382254724,
        -0.00046689685780416826,
        -0.0006032272403802369,
        -0.0006926813400274023,
        -0.0007301828292619416,
        -0.0007165882405637653,
        -0.0006558643592915306,
        -0.0005526272429230693,
        -0.00041315455766588677,
        -0.0002450231701318151,
        -5.6509054453957637e-05,
        0.00014123985472854815,
        0.0003343472308224592,
        0.0005088269423263482,
        0.0006506603675605126,
        0.0007469832797624297,
        0.0007901206787602723,
        0.0007779587993226772,
        0.0007119506468397874,
        0.000597276332625778,
        0.00044135823414852114,
        0.00025184864539127194,
        3.938943378376788e-05,
        -0.0001804474482878285,
        -0.00038984529963816475,
        -0.000570159655851051,
        -0.0007033772435861435,
        -0.000776849054615859,
        -0.0007848355863294811,
        -0.0007268775082741806,
        -0.0006092045324923992,
        -0.00044457635934734503,
        -0.00024818655503545446,
        -3.6856874364741743e-05,
        0.0001708013811866396,
        0.00035819054600845447,
        0.000512170065254086,
        0.0006222493652926672,
        0.0006836756118075795,
        0.0006983028523091036,
        0.0006704023250732436,
        0.0006058672259936676,
        0.0005125935105701805,
        0.00039702192473999146,
        0.0002642059379586955,
        0.00012074769687183078,
        -2.7060697044080508e-05,
        -0.00017353377926231643,
        -0.00030973493186341406,
        -0.000425127367950587,
        -0.0005113494106903916,
        -0.0005614491102488931,
        -0.0005720750279005313,
        -0.0005468142209301573,
        -0.0004918261863231692,
        -0.00041235387434094986,
        -0.0003145835310259847,
        -0.00020315559394965053,
        -7.920605692575988e-05,
        5.446261414699601e-05,
        0.00019235294366542268,
        0.000328979985154328,
        0.00045558399766155923,
        0.0005602790924577666,
        0.0006343793143518819,
        0.0006713605362755783,
        0.00066446149199365,
        0.0006114996956860525,
        0.0005143200881708518,
        0.0003751641711250559,
        0.0002019433816741163,
        9.391217665444578e-06,
        -0.00018770030298001614,
        -0.0003729149805862376,
        -0.0005268463835189876,
        -0.0006352969448165089,
        -0.0006894426528749451,
        -0.0006818086748274907,
        -0.0006133417522025252,
        -0.0004939231024354451,
        -0.0003335652224657944,
        -0.00014607550685151973,
        4.875552838779673e-05,
        0.00023550219302856423,
        0.0004009167415633909,
        0.0005283828409941217,
        0.0006086568621768432,
        0.0006378175008419201,
        0.0006031356994863662,
        0.0004918978912447819,
        0.0003077022797061966,
        8.566055357401215e-05,
        -9.596861515953213e-05,
        -0.00017514530422440918,
        -0.0001865727597675032,
        -0.00021117423968656704,
        -0.00031007835059038743,
        -0.0005486433606093536,
        -0.0008141648245794741,
        -0.0006334923447791718,
        0.00013747753308563396,
        0.0004069249197526623,
        -0.001098317489204668,
        -0.0033597207022624895,
        -0.003190737943509328,
        0.0008688962800016416,
        0.005707649800392641,
        0.006154721237481253,
        0.0003761890296324917,
        -0.007778624781018263,
        -0.01173414911884412,
        -0.00744686410545128,
        0.0034782251282250163,
        0.014881781720157382,
        0.020064261279556968,
        0.015688183678471176,
        0.003278605593747461,
        -0.01195281009861758,
        -0.023747334324338686,
        -0.027417096510991473,
        -0.021448408971558374,
        -0.007735510687866141,
        0.00937016016160493,
        0.024642521504351637,
        0.033594796319068546,
        0.03372396781441258,
        0.02510360593670846,
        0.010109720188334352,
        -0.007592569821968223,
        -0.02423722717905804,
        -0.0367704192602581,
        -0.04319174335210171,
        -0.04267052968611822,
        -0.035607511433284174,
        -0.023537993152344564,
        -0.00872488420353757,
        0.006441644984782416,
        0.019918339747605332,
        0.03018317428845409,
        0.03621090285904498,
        0.03744358061167259,
        0.03384552310298246,
        0.02597292946956673,
        0.014925285162757464,
        0.00214550033161347,
        -0.01084003897232421,
        -0.022648218446138558,
        -0.03219025837212426,
        -0.03872755011638119,
        -0.041848571047275115,
        -0.04141668767177883,
        -0.037522177358448705,
        -0.030451177682547344,
        -0.02067969088868438,
        -0.008874749558379922,
        0.004131158643883403,
        0.01740154049243249,
        0.029984255659000106,
        0.0410156072463541,
        0.04981206846526962,
        0.055917690160868776,
        0.059106651581436145,
        0.059366601104856705,
        0.05688023940604533,
        0.05199453878032866,
        0.04515863290756558,
        0.03684903334542628,
        0.02752924966310716,
        0.017644968305516994,
        0.0076041392596729275,
        -0.002269969856859856,
        -0.011754808890099805,
        -0.020670819122392197,
        -0.02879654157306513,
        -0.03585179838164926,
        -0.041577064566958914,
        -0.04582640462398199,
        -0.0485831297092177,
        -0.04990512817571536,
        -0.0498687567465846,
        -0.04855145215483781,
        -0.046043165434320674,
        -0.04245339071355426,
        -0.037895902373795816,
        -0.03247510743525012,
        -0.02630234346826225,
        -0.019524530631859882,
        -0.0123324924723409,
        -0.004949297193664091,
        0.002385616967507218,
        0.009429009472420457,
        0.01593999412565086,
        0.021688568537227775,
        0.026480894781751602,
        0.03019079461359257,
        0.03276994330247995,
        0.03422933412567864,
        0.03461040830302308,
        0.033972971771207366,
        0.03241193214648721,
        0.030075914336632908,
        0.027147141758163164,
        0.023787326545778,
        0.020097330014132928,
        0.016123145596322608,
        0.011898464227796232,
        0.007488082408705385,
        0.0030014409253731646,
        -0.0014206678926756788,
        -0.005619588772322653,
        -0.009424144698085057,
        -0.012664276105838673,
        -0.015201222163572623,
        -0.01695885497628851,
        -0.01793325432313086,
        -0.018175722934235687,
        -0.017770443240573967,
        -0.016825235882641495,
        -0.01546575681539964,
