{
    "freq_wf": 6.289308176100629,
    "wf": [
        -0.0008564947129258185,
        -0.0008827900247946237,
        -0.0008471193997691072,
        -0.0007528858408364552,
        -0.0006073017961994308,
        -0.00042072622317554495,
        -0.00020584415858154446,
        2.322671688830391e-05,
        0.0002518314910823925,
        0.00046562545246846575,
        0.0006513456779318498,
        0.0007974961264885477,
        0.0008949440561167114,
        0.00093742421023629,
        0.0009219378281291699,
        0.0008490203865230661,
        0.0007228407879449042,
        0.0005510911652434568,
        0.0003446345745054345,
        0.00011689849679037977,
        -0.00011696759717078027,
        -0.00034111846437187007,
        -0.0005401412064084728,
        -0.0007001849065804273,
        -0.0008099883442718842,
        -0.0008617148231176278,
        -0.0008515273621856548,
        -0.0007798672122396904,
        -0.0006514274298438288,
        -0.00047483647406764166,
        -0.0002620828550684345,
        -2.7721940976262737e-05,
        0.00021208712639922024,
        0.00044066018670100795,
        0.0006419213435662495,
        0.000801522715065017,
        0.0009078777212075316,
        0.0009530344645963831,
        0.0009333211207065249,
        0.0008497066910473388,
        0.000707837094207999,
        0.00051772708624139,
        0.00029311188246105766,
        5.048798786785565e-05,
        -0.00019210002111399213,
        -0.0004164426894965029,
        -0.0006056103070938585,
        -0.0007453331317764781,
        -0.0008251860360366574,
        -0.0008394567011031418,
        -0.00078760362575,
        -0.0006742520468674553,
        -0.0005087269966390907,
        -0.00030417555194508025,
        -7.637665173649514e-05,
        0.0001576304925892691,
        0.00038095414086997007,
        0.0005781543933499649,
        0.0007363284507945229,
        0.0008458979986097875,
        0.0009010631125866511,
        0.000899928746504811,
        0.0008443431846292302,
        0.0007395083322987731,
        0.0005934282093099059,
        0.0004162567904711761,
        0.0002195942777724626,
        1.5767779331487216e-05,
        -0.00018287703008769575,
        -0.0003646502060235624,
        -0.0005191333133799034,
        -0.0006377092836203468,
        -0.0007139787030046213,
        -0.0007440403251996712,
        -0.0007266250558833271,
        -0.0006630874909653972,
        -0.0005572727344329737,
        -0.00041528410224974326,
        -0.00024517685514381004,
        -5.6594909654332105e-05,
        0.0001396447504124053,
        0.00033202608141020716,
        0.0005088768503384612,
        0.0006589856179784291,
        0.0007722834796025364,
        0.0008405602833854884,
        0.0008581628328533233,
        0.0008226046077483721,
        0.0007350075212340519,
        0.0006002991968787355,
        0.0004271051608906408,
        0.00022730309034549111,
        1.5242827978792e-05,
        -0.00019332331760309746,
        -0.00038251608206139984,
        -0.0005376946748636092,
        -0.0006467769366110625,
        -0.0007013759486223295,
        -0.0006976289014302158,
        -0.0006366233906899053,
        -0.0005243667284673123,
        -0.00037128994114054225,
        -0.00019132472494785182,
        -6.348991313549031e-07,
        0.00018387858955943394,
        0.00034615026328659005,
        0.00047243243774379955,
        0.0005525163040852809,
        0.0005805402282786087,
        0.0005552809346963331,
        0.0004798980124524966,
        0.00036119536785606253,
        0.00020855589544499178,
        3.277180593410273e-05,
        -0.00015499391161605212,
        -0.0003439375720147671,
        -0.0005239862340845116,
        -0.0006859221305937451,
        -0.0008214975694229162,
        -0.0009237771785863919,
        -0.0009877546953358442,
        -0.0010109474297436,
        -0.0009933537766051402,
        -0.0009361594326277427,
        -0.0008391418313066338,
        -0.0006978140718913973,
        -0.0005024859703947913,
        -0.00024175535815587794,
        8.831023567296157e-05,
        0.0004710020378715647,
        0.0008571913927694282,
        0.0011627733661302311,
        0.0012822902207084454,
        0.0011205437324081629,
        0.0006357176009728104,
        -0.00012065253929749353,
        -0.0009854565647508325,
        -0.001702731831584895,
        -0.001983567939431928,
        -0.0015961390027285712,
        -0.00046084840604901047,
        0.0012812107248638524,
        0.0032543652699835446,
        0.004902735423578249,
        0.005606400750998328,
        0.004833356067294601,
        0.00228879239559646,
        -0.0019781615972380715,
        -0.007540137986567874,
        -0.013641474344759104,
        -0.019323429590773517,
        -0.023597982848574565,
        -0.02563322048560818,
        -0.024912288582864282,
        -0.0213353983283829,
        -0.01524768530171341,
        -0.007391158484876386,
        0.001207014445409223,
        0.009387650726721368,
        0.016027188306688,
        0.020193419243186503,
        0.021267685792826226,
        0.01901932074839385,
        0.013626521345287024,
        0.005645791696085116,
        -0.004061491859888477,
        -0.014432561564204572,
        -0.024322010897862685,
        -0.032621264130566,
        -0.038366150583868004,
        -0.040823040259682614,
        -0.03954755840225903,
        -0.034413394161143626,
        -0.02561176019839883,
        -0.013624448498684359,
        0.0008248639338320395,
        0.016835300111879548,
        0.03340309373133464,
        0.04949898503329734,
        0.06414239933514086,
        0.07646677157162551,
        0.08577147690350695,
        0.09155730331344304,
        0.09354412939216164,
        0.09167125427693093,
        0.0860824398441115,
        0.0770989570016057,
        0.06518463023749259,
        0.05090699385716894,
        0.03489826018384995,
        0.017818995527476768,
        0.0003264018198221206,
        -0.01695188127317966,
        -0.03343833665032796,
        -0.04862089188126464,
        -0.06206363166363362,
        -0.07341354186419248,
        -0.08240383464326635,
        -0.08885431508397058,
        -0.09266922679098363,
        -0.09383306020719226,
        -0.09240487573162735,
        -0.08851171671134274,
        -0.0823416129595797,
        -0.07413649251315772,
        -0.06418506404934392,
        -0.05281547490617342,
        -0.04038736868625608,
        -0.027282922234926583,
        -0.013896557135109606,
        -0.0006232749062580049,
        0.01215409971390433,
        0.024078144714347223,
        0.034829650423269104,
        0.04413900080320955,
        0.051795155746013254,
        0.05765146993974482,
        0.06162792119889712,
        0.06370973255110828,
        0.06394278816771497,
        0.06242659186139588,
        0.05930573572151332,
        0.05476089273488891,
        0.04900020856883134,
        0.042251669796556215,
        0.03475663321206226,
        0.026764306669391343,
        0.018526676649030585,
        0.010293261722552495,
        0.0023051688248861453,
        -0.00521178358741405,
        -0.012054713291748839,
        -0.018051532148432373,
        -0.02306816420908144,
        -0.02701417302077313,
        -0.02984595930135104,
        -0.0315669853928385,
        -0.03222488745821317,
        -0.03190575732878792,
        -0.03072622725918778,
        -0.028824213915283226,
        -0.026349250565320195,
        -0.023453270617123146,
        -0.02028253662221835,
        -0.01697118169805427,
        -0.013636588547522218,
        -0.010376610515301254,
        -0.007268465087483764,
        -0.00436901848049021,
        -0.001716135391289158,
        0.0006692164498999737,
        0.002780360823566477,
        0.004621991374588138,
        0.0062070658726441335,
        0.0075536326304427885,
        0.008681729089805303,
        0.009610539522489544,
