{
    "sampling_rate": 2.5,
    "dt": 20.0,
    "wf": [
        -3.9649799760928366e-16,
        0.36812455268467803,
        0.6845471059286884,
        0.9048270524660195,
        0.9980267284282714,
        0.9510565162951533,
        0.7705132427757893,
        0.4817536741017153,
        0.1253332335643044,
        -0.24868988716485463,
        -0.587785252292473,
        -0.8443279255020147,
        -0.9822872507286884,
        -0.9822872507286886,
        -0.8443279255020153,
        -0.587785252292473,
        -0.24868988716485516,
        0.12533323356430387,
        0.4817536741017148,
        0.7705132427757887,
        0.9510565162951536,
        0.9980267284282714,
        0.9048270524660196,
        0.6845471059286891,
        0.36812455268467825,
        3.157967714489334e-16,
        -0.3681245526846775,
        -0.6845471059286882,
        -0.9048270524660191,
        -0.9980267284282711,
        -0.9510565162951536,
        -0.7705132427757894,
        -0.4817536741017158,
        -0.12533323356430467,
        0.24868988716485438,
        0.5877852522924728,
        0.8443279255020147,
        0.9822872507286884,
        0.9822872507286886,
        0.8443279255020151,
        0.5877852522924736,
        0.24868988716485532,
        -0.1253332335643034,
        -0.48175367410171466,
        -0.7705132427757886,
        -0.9510565162951532,
        -0.9980267284282714,
        -0.9048270524660198,
        -0.6845471059286891,
        -0.3681245526846786
    ],
    "freq_wf": 50.0
}